index,item_id
0,B07G584SHG
1,B07QL1JRCN
2,B07RBYJN37
3,B07KM6T8GV
4,B07NVL6TJG
5,B07R7WVRGL
6,B08D9S6BZY
7,B08C7HCJGF
8,B07VGNQD8K
9,B07S5S45K7
10,B0742LVLMJ
11,B07G4ZWJB6
12,B08MV51CXP
13,B07H3QNJ1Q
14,B07DX25MZK
15,B07GC3X8V7
16,B01M7UD21X
17,B07NL8P5Q6
18,B07WFHJDB7
19,B08W59Z9WW
20,B01M7UDAVI
21,B08425CZRC
22,B07SDGKP88
23,B01M71IUZ7
24,B07MFQFKGD
25,B07XZ9MXHJ
26,B07XGDM47D
27,B081JS67KV
28,B08GZ1KQTB
29,B07MGJZ2MH
30,B087YPRGKB
31,B08667FB4J
32,B07S5C7LR4
33,B07WGGH1C1
34,B082MH51J3
35,B09293LP97
36,B09T3S8D1P
37,B07VXJR1PF
38,B07NL91XW9
39,B07F8Y6BH9
40,B07R14ZBP3
41,B07R1VPNFF
42,B08KWDXTH9
43,B086JBCVB4
44,B07KRGB574
45,B07KSZGDD1
46,B07QHDPWTR
47,B07S63NKNB
48,B09BDBSZ7F
49,B07KSDPDM6
50,B08LDV5MBB
51,B092R25R68
52,B07T43BXRD
53,B07FT4FMWX
54,B07G5GNLG9
55,B09CR7BH9K
56,B07XH69M6H
57,B07KJLV75L
58,B07WC2239F
59,B09LWMGCTS
60,B08DYDKVB6
61,B07L3W2MDL
62,B09BDBXJYK
63,B07WV4XWTM
64,B07HQJPGL2
65,B07KCLWKR3
66,B07MZFYSHZ
67,B07DVM8MM5
68,B08KWK6N6H
69,B084KNZBM8
70,B07DNLPCB9
71,B07G5915QC
72,B07N7BG8MX
73,B08D1W87FB
74,B07QD9WBGB
75,B098BKMW6Y
76,B08Z48VW38
77,B07GNWX112
78,B07ZHGPJG5
79,B0848NZB7Z
80,B08MW8X5WB
81,B07T5JT9D4
82,B084KNDTWP
83,B095WFPM47
84,B07R99144F
85,B07HP75X12
86,B09Y72P3QD
87,B075NM1M1Y
88,B08D6WQ1Z7
89,B0B4BJYG11
90,B0B4XCLV18
91,B0BFJWB9L2
92,B08SHQ43N1
93,B07GNX2VPX
94,B07XKF8CB3
95,B08PKWR7V5
96,B08HHDQPPN
97,B07KC11QFV
98,B07KT17L2S
99,B08DDLB9S5
100,B07WT5CCKH
101,B093T2CT9H
102,B07DNLG9ZR
103,B07QF978WX
104,B07VXY755K
105,B07DNKDLYV
106,B07DVXFP2N
107,B09Y79XYPP
108,B0B6CPL52Y
109,B07SPDBR1J
110,B08M639361
111,B07Y23PKWC
112,B07H3S5Y9V
113,B07J2LNG43
114,B07KG71FKH
115,B082M86VL6
116,B07GS3H343
117,B08LDMKH6K
118,B08F814PSW
119,B089NZ8D82
120,B08C1NC54P
121,B088YB3PRB
122,B08JZ67C2C
123,B08CS3B6CV
124,B091YHTPJN
125,B07VGN44WK
126,B07R5VH7XT
127,B08DDKTDSF
128,B07DNML26P
129,B097F3PVMC
130,B07DNJ6N8K
131,B07N4TC26M
132,B08MWNP4M5
133,B09S3VN2MY
134,B07XJY11B3
135,B08JZ4SVKN
136,B08KYCG4MM
137,B07M93XFK1
138,B08DDJ1QRS
139,B07GNX34XV
140,B07VHRZHQT
141,B07FQWLCT4
142,B084JGDV6P
143,B07KPH6D57
144,B08DDK1TP5
145,B07HFKL5DZ
146,B07DNMN7X6
147,B07QYNFHVH
148,B0B39LMRPG
149,B08GDYXWBG
150,B07SQBG2VG
151,B097TJ2YWL
152,B07TBGM8WB
153,B092R5FPR3
154,B09J8WHPTW
155,B07DNM6GBC
156,B07HQCCD29
157,B08GS38B42
158,B07DVNJ5LP
159,B07HFL1GS3
160,B08W59VD2K
161,B07SDGBPGK
162,B07GNWWTRV
163,B0848P9FN3
164,B08D9SNKK1
165,B09HXYYY4P
166,B0859NMYCD
167,B07YF1TGM2
168,B09S3WT3LD
169,B08BRZ8J75
170,B08M3PRYXX
171,B07GC3QLWS
172,B086J9WXWV
173,B08KQHP9ZZ
174,B08R8Y2TP6
175,B07KTB8PHS
176,B08M471M8J
177,B08GDKDMDT
178,B08M9X9KTN
179,B08R5BN2VH
180,B07TC8GD11
181,B08KWJ5DXV
182,B07NL9J4BQ
183,B08W584JQF
184,B08KS7865F
185,B09LWP4TWW
186,B0BM2Q2X53
187,B07NBPQL3C
188,B0933CF1DM
189,B08R939TKC
190,B08DDJ5LYG
191,B07HP62FDJ
192,B07PRXJMLZ
193,B07XGNHYC2
194,B07Z3ZCJC2
195,B09Z1G544H
196,B07MJBM6DS
197,B08GMY7F9H
198,B08GKMF8BW
199,B07NL7BQS4
200,B08D6X2RD4
201,B08K3M57JT
202,B07X5SVBJW
203,B098KGN8FD
204,B07NF12XPB
205,B08BQ95TR2
206,B07GNVJ6R7
207,B08L7LX6PG
208,B093T47K7D
209,B07THJZVK1
210,B08682LT57
211,B08C77PS29
212,B09Y71L3BJ
213,B09DDBZ5WX
214,B09DD9F3KH
215,B0848GLB12
216,B07KG5RPCF
217,B07L3K8S42
218,B091YP7Y9M
219,B08R5YRMNR
220,B08N57VT7X
221,B07YZPDHK3
222,B07RDZVJCZ
223,B07GC48H1H
224,B07NL8SM91
225,B07DXBJX27
226,B07MMT3C5J
227,B07TWRWCRT
228,B08DDH4Z5Y
229,B08DDJNJ9D
230,B097B34JVF
231,B08N5BDD35
232,B08J4G2W8T
233,B08PFXZPFX
234,B07GC1XFJ7
235,B08M9M92XD
236,B08R5QVJKV
237,B07N6KSLB7
238,B097B2N157
239,B07DX3D8W3
240,B084KPMB89
241,B092587ST1
242,B07STGWT1P
243,B07L9DWVSJ
244,B091Y2L7NF
245,B0B3XVHQ87
246,B08H5MHM3N
247,B09M7GDZ46
248,B09M7F3HYK
249,B09M7DPMDJ
250,B09M7BQDHG
251,B09Y714FG4
252,B09JG87ZXT
253,B07XLMQBW8
254,B08G1QZNVJ
255,B09NQB5JCK
256,B07T315X4F
257,B07V5VWTMB
258,B09DCXJKK6
259,B072JWQG6B
260,B07DX4VYPM
261,B07Y1VQXJC
262,B08H5M5RX7
263,B07W813H6V
264,B086JBB4HD
265,B08KF5VWWX
266,B07SVGMGW4
267,B0848KRT9T
268,B082VL5NZC
269,B08LDXMH5F
270,B08R5GVY3W
271,B09SM5VC9Z
272,B09SM6QNX7
273,B09RSMMMK3
274,B07QXSYDGF
275,B0BS9YXJH6
276,B07M65D8PC
277,B09KDVNB9P
278,B0849MMHLJ
279,B08R5JJGB3
280,B07SQBKMPT
281,B07XZMR3K4
282,B0872GR7SR
283,B08JZ3JYKJ
284,B086J9HYD5
285,B09Y7GM4F5
286,B08G4W464K
287,B093397LF7
288,B08KWFT16F
289,B084JLN563
290,B08MWNXTQW
291,B086K2ZS32
292,B08WRFBN6H
293,B0848BN9PJ
294,B08H88C2JB
295,B0848K3BCZ
296,B07Y3XJ5WN
297,B08MWPG77B
298,B091YRS343
299,B089NXYL3W
300,B08N6W22SR
301,B08LVQWH8P
302,B089NY9NB6
303,B09R3WJT82
304,B09R2PCK8N
305,B07YZ4K5L5
306,B096MS17VY
307,B072MHKTYT
308,B07KPFY7G5
309,B09SLZV4YR
310,B083M6Q4F3
311,B091YRTQTX
312,B094VMR49D
313,B08R5BZDNT
314,B09J8VQYY7
315,B07T733WLJ
316,B09DDCNVWM
317,B09DTB44BY
318,B08D9LY14T
319,B08K3SVSZQ
320,B08DDN95VQ
321,B07Y1WMH7G
322,B07QYVCWHD
323,B0886L2QJC
324,B08R5V22W3
325,B07M5H99Q6
326,B08R416M9D
327,B082VJXRBP
328,B0848GYJRK
329,B0B3XVR923
330,B09NQ9P6ZL
331,B098QZJ5TK
332,B09R3MR7DN
333,B09R2M2SDN
334,B09LWFPZPR
335,B08WFF8R8V
336,B0842RP7RD
337,B08PVWRW4J
338,B082MKSDWL
339,B09D45DT87
340,B08MWQ6FV3
341,B0876CYNG1
342,B09J8VQJB4
343,B0848B8JDB
344,B07Z9HJSKM
345,B091YLQ7RG
346,B09BDCTCKR
347,B082B8JVMJ
348,B07XL4VY27
349,B08L3SSNL5
350,B08H8SH42V
351,B07DX14G6K
352,B09FSV539V
353,B084ZT9NDT
354,B09S3WD16F
355,B07LGDPY7P
356,B08VD2BNVG
357,B09BB78PC8
358,B07M9PR1ZT
359,B081W8SGPY
360,B08MW3YHLS
361,B0B3XYY29S
362,B087GQ51ZB
363,B08GYDJQ9D
364,B07NL86LGD
365,B08H8TXYW6
366,B07X3Y7S2W
367,B091YNJ5GT
368,B08ZNPN3NN
369,B07GNX28KS
370,B08GDYSVNN
371,B08YZB1T5L
372,B07X8MDQBX
373,B0BM2QT9YM
374,B09QD6R1DL
375,B08R7K4WPB
376,B08CKZLD81
377,B0933F88K8
378,B08M3ZFWDH
379,B08MV4NRSW
380,B08HQNLMC8
381,B07XTHS9CJ
382,B07GS56H8V
383,B08GD26JQX
384,B08WGBJKW7
385,B081TBW1FB
386,B09NQBMSFB
387,B09KD764K8
388,B09RQQ5HTD
389,B09FSV7MBC
390,B086JCDHQW
391,B082VGMJ19
392,B08R412CJG
393,B07Z9HSWW3
394,B07NL8JS76
395,B08PKR32TB
396,B07M8D817D
397,B0B8L9LVGG
398,B08614Z91S
399,B09R3MQLXY
400,B09R3KVR5X
401,B09HKZ1XRL
402,B09LWP8KL1
403,B07GNV45VX
404,B08DL6Z83S
405,B07LHF2V66
406,B08MV4RPGL
407,B086154LRJ
408,B08D9R31JV
409,B0848LZTJP
410,B08R5QQS2P
411,B08GCX3JCX
412,B091Y55Z1H
413,B07Y1WGP67
414,B08DDKJQ4Z
415,B08PFZBXM1
416,B084L6QXWS
417,B07XDRFK3B
418,B08TX6W5MH
419,B07NF1GN7H
420,B086X4FPN5
421,B09J8W3PFH
422,B07PRK81VF
423,B091YRD7RV
424,B08GF6HCM5
425,B08YRVLM3Z
426,B082VL8846
427,B0933FHCTP
428,B09J8WZN4T
429,B08MW5CYDX
430,B08N6VVJ2H
431,B09J8THPMB
432,B08D9B9L6L
433,B08DDKND18
434,B09HV9CFZ6
435,B09BJYHTSW
436,B08WG66WYD
437,B09R3LBZXC
438,B09R3L7WXL
439,B07WMYGFM8
440,B09ZJ5YQ1B
441,B084CT5YWM
442,B07WXJBBD3
443,B0933DPMJQ
444,B08BQ2KCG1
445,B0933CWY6S
446,B08CZZ54C1
447,B08G55T84V
448,B07MQ5GZ24
449,B085YFDSWG
450,B08H8V47HT
451,B09F9G91N5
452,B09SM1SWJW
453,B07XJ85RL4
454,B098BFC5K9
455,B08MV63QGQ
456,B08JZ315MJ
457,B084BPM6VS
458,B086K2RRJ4
459,B08R5DPYK2
460,B07T3CGMNJ
461,B09BFP8K5G
462,B09LVZLLRH
463,B08MWQW77B
464,B0B3XW9R5X
465,B098BGWMP2
466,B086JB197X
467,B0BNC7JTHH
468,B083Y6ZM8Q
469,B084KYP7VL
470,B0B6GHVFH3
471,B09BJ9YJXK
472,B0B9FK5J6W
473,B0859KKL7Q
474,B07NVGQ2L3
475,B09LVZ3T6C
476,B08DDHZCZQ
477,B0BGT1P9L5
478,B09T5SKDPM
479,B08JCDX1C3
480,B091B2M7Y8
481,B09SM668W8
482,B08R7JT3ZK
483,B07Z9HZ7GK
484,B0BFJRXCH2
485,B08Z48CVLY
486,B08D9SX4M4
487,B08WF8VMC4
488,B08MW4C2BR
489,B09BDCCKHR
490,B089KVB2XC
491,B09S3WX8ZP
492,B09Z68DKF7
493,B08J5G99FK
494,B07HP1T567
495,B07VYTBJKP
496,B07WV628P8
497,B07HP1739X
498,B09R2B5KTM
499,B085YCC8P7
500,B085YGPXJG
501,B08JCDHDGG
502,B098R1NNTF
503,B08R5KDXC7
504,B08M45BGDN
505,B09MWL8KVB
506,B08FTJMQ3W
507,B08DF5KX4M
508,B08WM3M1DJ
509,B07L9CSSDG
510,B09WDYD1QX
511,B08F7XZHC7
512,B085W6VHP4
513,B0848M96D3
514,B08R5TXCFH
515,B07M92KQS8
516,B07DXHG3MG
517,B08GDWQ46D
518,B07X2J2QV3
519,B09CZBJHXV
520,B098BH8PVS
521,B08N5BJPBD
522,B089ND96K7
523,B098QY92FL
524,B081K8LL98
525,B07KFM1ZL8
526,B097B5M7VT
527,B098TLXZZ9
528,B082VLGWKY
529,B08N6Y69K9
530,B08BQFPZBT
531,B0BCMPTNLZ
532,B07RD18X7P
533,B084KNCD6W
534,B083SS7B35
535,B08TCGN1JQ
536,B088TY8QCW
537,B07MFQ69LX
538,B08JQMD7B6
539,B08LDQGYYR
540,B082VKH841
541,B07K31MZXS
542,B08PVW21S3
543,B0BM2NJT6C
544,B08R3XGJN1
545,B0815VLVVX
546,B085YD3D6V
547,B07DX2M8S6
548,B0848C2N4C
549,B086K3V7T9
550,B09HY21JX1
551,B08H8TBHZ9
552,B07J2K9ZT8
553,B08JFRNFXM
554,B09BDDHX52
555,B08DDKMTWM
556,B09K79W66G
557,B08PVQ28HF
558,B0BM2J47PC
559,B091Y4S1MN
560,B08XQTZJ2B
561,B08D6R4RZ7
562,B09S3V6DVP
563,B08MW56SPG
564,B089NZ5LGV
565,B08V6Q9F3L
566,B07KPHM3S3
567,B09B2NN3DR
568,B08PVV7G1Z
569,B09HS9D7G3
570,B09RQRTCCK
571,B07Z3WRYR1
572,B0BLZTPK6Z
573,B09Y77SF92
574,B09FM116NJ
575,B08CPBF7B6
576,B08N6WFYN9
577,B07X13T5H1
578,B08R7S7C7H
579,B07FSYKGSH
580,B08R5XBH6M
581,B08MV79RGB
582,B08W59XCLW
583,B08DDJDM99
584,B07X9R1GT3
585,B0BKLJF8PC
586,B085Z2WM76
587,B09BD9N1ZW
588,B088YCHN19
589,B07KPG7RFQ
590,B07R718LML
591,B0B4WRS1XT
592,B08SMCV47C
593,B0848MQSMP
594,B0848HYLW9
595,B088XY56CH
596,B094VPNPCW
597,B0848JP197
598,B086JC2D6Z
599,B09B3Y48F1
600,B08JZ1H84F
601,B08N6V63N7
602,B09DGP4B8R
603,B08M36J14L
604,B083M66CHC
605,B09LR1N3VP
606,B083M6PDNV
607,B09DL5CDPZ
608,B098R11BX2
609,B09F6GSRTH
610,B08GCVN3NY
611,B0933CLYYV
612,B08R5YWPY4
613,B08N6WMNJZ
614,B09RSLMV6B
615,B07WZP744D
616,B09FLZB8HT
617,B0B1JRS8WB
618,B0BM57TJKC
619,B07MC49XCY
620,B09FSV6Q5Z
621,B08LD62NHQ
622,B09CZB5GP2
623,B09WNJYJKM
624,B07QG8TRRT
625,B08PKR3KCF
626,B081QDJ3NK
627,B09G3KTXKM
628,B081VWVPRW
629,B0848RT9J7
630,B08VDX39DK
631,B08GND218J
632,B07W6QWW2Y
633,B07HFLPR27
634,B09CZBK4X7
635,B08M6CBDPT
636,B08G54FRG4
637,B07PY8C43F
638,B08DDGQ2CJ
639,B09G3HRSQM
640,B07Z412BFV
641,B0BCGTMLJ6
642,B08CS3K852
643,B08JCKKDP5
644,B09G6XM27G
645,B083JKYY2D
646,B08HQHHB5Y
647,B08WRKZJ2K
648,B09DD9YY64
649,B08W5CTKKX
650,B08K4JKG3C
651,B0B4ZC6CST
652,B08GN1MJYB
653,B08GDTCVD1
654,B08MV4KGKW
655,B07DX3JYH8
656,B08GF3622V
657,B091YG39BF
658,B0813RKSXT
659,B095SPCMWK
660,B07HWTH1L9
661,B09FM18KWV
662,B08MV3YV84
663,B098QXWLCM
664,B08M3S6Y8Q
665,B09BD8J5R8
666,B0848NSXSZ
667,B07L9F6DPJ
668,B09R2M2691
669,B09R3QJHH1
670,B07L9FJGW5
671,B0B3XT1CRP
672,B09NQCWDNK
673,B09NQBS63Q
674,B07SYR7V9W
675,B09M7HHF7Y
676,B0B3XYQQC2
677,B08WRJK2SK
678,B08DRPMTP9
679,B0933CDYRG
680,B09LZ629P9
681,B09M7DQGG1
682,B09LZ4WGV3
683,B097B6SGSR
684,B097B168VG
685,B09R2MXZHC
686,B098BJR2RG
687,B08N6X3G3H
688,B08D9S5ZW8
689,B094YB89BQ
690,B081FCSXS9
691,B09FLZ2132
692,B09LVYB4N3
693,B09DCWKSR9
694,B091Y386PQ
695,B09HV7KKVL
696,B09HKX3RXC
697,B09DD9W8JZ
698,B08PVXG1V1
699,B07NF1VX9T
700,B09BFQ6W9Y
701,B08WFP3Y24
702,B08PKVPLTD
703,B086JBNB84
704,B09SM15MV2
705,B08DL7SV1Q
706,B09HRR6RW2
707,B09DD9B9YB
708,B084C4LY5K
709,B07KG61VNT
710,B08VRPX4LK
711,B08DP8LCTP
712,B08N6XK1TM
713,B0BGMCZZQB
714,B08Q8H9HFD
715,B07DX25YZ1
716,B0848FKTF1
717,B08X7D2ZGH
718,B08PVY4FKZ
719,B08D9RNBXC
720,B09MWKJN6K
721,B07QC7DPFW
722,B09LZ5D6NJ
723,B07QHFMRL1
724,B07MM29FQ3
725,B08MW4VG7D
726,B08MTVHTRR
727,B07Z9GMW7Q
728,B07LGBQHFB
729,B08JV4SYTC
730,B08C27S4H6
731,B088VP76ZX
732,B08R3XRSRS
733,B08M34VGCK
734,B08R5SZPNZ
735,B09NM4BPM2
736,B07L9GPFQJ
737,B086K3FB5N
738,B0883GPLNG
739,B086JC92M8
740,B099S5F8LV
741,B098THS67H
742,B09FLXZS1T
743,B08KJXTQN5
744,B08PKS6KG5
745,B08JCW1V9K
746,B082VG9CNM
747,B086Z1L7Y3
748,B0848JNY8K
749,B098BJPZP9
750,B08P2BLTKX
751,B08DDK1T6C
752,B07R5YW9J6
753,B092MLYDGR
754,B09KHFMXFQ
755,B08MW47ZLC
756,B09DCVGT3Y
757,B08MKLHHBN
758,B07XTDSXS2
759,B09FLYHNLM
760,B07T737NVN
761,B07KZJ9GKY
762,B09FLZWCJX
763,B08WF5R2BW
764,B09NQXKDLF
765,B0B5FK711S
766,B08HQNC3JR
767,B07NDZJ8YT
768,B07S4CSB3N
769,B08PVVTTWW
770,B0979WBBT8
771,B09DCVP6JZ
772,B08MWNTF1Y
773,B086JY4F3Z
774,B0BPZMYLHL
775,B08PVZ417Y
776,B09J8VXD1Z
777,B09XVBYB61
778,B08Z4C1W8G
779,B08M3JP1HV
780,B07J2LB2XY
781,B07XMD44LR
782,B07VF522JP
783,B0BCM2FKVB
784,B08WRFTMB6
785,B08R426Z1C
786,B09R2LDK24
787,B08LZDTCWC
788,B09NQD5TH9
789,B09KHLSGWV
790,B08D12MRCT
791,B0BFRV11T6
792,B07NL22GPP
793,B0B5YD31KQ
794,B08MV5RD1S
795,B08KQD5BVB
796,B0BHL9KY9C
797,B08JCSPJKV
798,B07TBG6VKQ
799,B098BJM9WF
800,B08N6XSSRN
801,B0B8P6TR6C
802,B0B4WRG88G
803,B083M64QG9
804,B09ZQM18KG
805,B09B2GG5PF
806,B07FQTWGQM
807,B081FDV3HP
808,B09NC55YJG
809,B09J8W1TDZ
810,B08N58XNT2
811,B09ZYHKPNH
812,B07L9GL97H
813,B0BRQSY2ZF
814,B08N6QVB6F
815,B08K3VPK1C
816,B07N7J7PSD
817,B08MTD3PKF
818,B09SM4ZMFJ
819,B07XTHKPNB
820,B08JCPY4TR
821,B07XLMV263
822,B08MTF8RP4
823,B08HHDNDHF
824,B0BJDWHDYC
825,B0BNC8WGGG
826,B07MLWTP68
827,B08DDKRJRY
828,B08DDHWKTZ
829,B084CS2LDW
830,B07SYP2176
831,B09M4BS3WD
832,B07N6KVR3G
833,B08WBYYQVC
834,B08MV4VYL9
835,B09LQNZ8VD
836,B09FLZJZ3C
837,B081W88CFK
838,B09K783XSD
839,B07N6MXJT7
840,B0861D7848
841,B0BBW3GPKW
842,B07L9HGF36
843,B07Z44GHV9
844,B07R53GC25
845,B08T9WY6JX
846,B08KT5WM5M
847,B08KQH8KW5
848,B082VLGXTZ
849,B08JCRNKBH
850,B0B13643TH
851,B09BW3QVX3
852,B07XT7MGK4
853,B08DPYMZQ9
854,B08N5B7FZP
855,B08D9PW5SK
856,B08PHL29S8
857,B086JBPTC4
858,B08QMJY26G
859,B0B1VMNBXF
860,B09NYFMW51
861,B0B4BLVTF4
862,B08FTJCSMG
863,B08BG388H9
864,B098BK15MQ
865,B07S37W913
866,B08PG479LF
867,B07R59N62M
868,B08GDZRBB2
869,B09SMKFKXH
870,B0B39J6S4X
871,B08PG3CJV5
872,B07MSB1YJQ
873,B09BDDB4GW
874,B09HS999PP
875,B0924YYMYX
876,B094VN1N97
877,B083JK91W6
878,B07Z9GCBVF
879,B07XT69WH2
880,B07TYFDPQW
881,B0B7PBQBWV
882,B08VS3JL5V
883,B09SLZ7811
884,B08PG48JQN
885,B08H837FHT
886,B08VDB47GF
887,B08Z48MSW7
888,B09QPWZ2M2
889,B08HQNFQR4
890,B0848CGDFW
891,B08M6559CT
892,B0B7CCFTQG
893,B08R5PHSL3
894,B08VD3ZVSL
895,B0848MW5ZB
896,B07N6L9XB7
897,B0BQ13VQZS
898,B07Z9GH8PZ
899,B07Z41V1GX
900,B0B2X45J5N
901,B07Z9HRT4B
902,B0BCMLT399
903,B07YF7KHLP
904,B09QFZB4QS
905,B08VWL5GXJ
906,B09VPZPKZG
907,B09SM1VT1D
908,B08JCMD2DD
909,B07L9FN2CY
910,B094VL53YW
911,B094454Z1Q
912,B08JD8K71G
913,B09X7CSDW6
914,B09J5HX8LH
915,B08D9PB24W
916,B09BD9Z9WT
917,B094VNJPTS
918,B08JCC88F7
919,B09DPCWY6M
920,B09J55MJVZ
921,B07QHBNX4H
922,B08G53H82C
923,B08J5Y9ZTT
924,B09YZ1X9YD
925,B08VRRCRKP
926,B083JJNWNS
927,B091YM2LJR
928,B08GDTG1K5
929,B08XKHD5NB
930,B0BM577CTW
931,B081B5DVG3
932,B0BCMGF6Y4
933,B08WRG4WVM
934,B07SWHTHS5
935,B0BNC9ZXKZ
936,B084BYQDJ6
937,B0B4BLXNMK
938,B098BHKFH1
939,B09XVBYTX6
940,B09H369RBL
941,B08DDGSV6S
942,B0979ZV877
943,B0876CWHZF
944,B07KZYX79X
945,B09J8WCYC6
946,B083YZM2GH
947,B09T5M42Y5
948,B07R53FHBB
949,B0B61PWDXD
950,B09DGNPZMP
951,B09339PRQW
952,B08R7KM1G3
953,B09J8TWPTY
954,B09T3R4Y79
955,B07KG6RTZK
956,B08KQJ1LWJ
957,B08D9FTHR8
958,B0BCMJFM49
959,B07Y1WHNT4
960,B08WGCP6RF
961,B07MJBFRVZ
962,B08MW8RVK9
963,B09HRQML8T
964,B0B4BKX2ZV
965,B0BM57HJXV
966,B083SRBRD3
967,B08K3T4XXV
968,B07M5YBZP8
969,B07HWX4GF9
970,B08VDP1PZ9
971,B09KHD7CKX
972,B08D9SVRGD
973,B091YCDRY1
974,B09SR5Q5BQ
975,B09YYSFW3W
976,B0BXMLNHQD
977,B0BPZXDL8Y
978,B08QMH1TBG
979,B08MV2K9CY
980,B0BFF56MN7
981,B09JJZTMRN
982,B086K2G1SR
983,B084JP3Z2R
984,B09KHN4XWD
985,B0B3F1NJLQ
986,B07Z9HNLT2
987,B0BM23TXKZ
988,B07R499K42
989,B07R7236PV
990,B094VP5FNV
991,B09XF4T5T9
992,B09BDCRQ6Y
993,B0848FDZ7Z
994,B07QB7BMJ9
995,B091YNST7M
996,B08PVWQ47N
997,B07XTL41D6
998,B08KWB734B
999,B0B4BFRLCF
1000,B08KWJ223H
1001,B07K2L1XXV
1002,B09FQ4G79Y
1003,B08VRFNFBM
1004,B09RMDGN7K
1005,B08D9SPSCZ
1006,B0BKLKYWPY
1007,B0BQ12GM7T
1008,B08YRTK7MK
1009,B098KDBYTJ
1010,B08MWC8WBZ
1011,B07M8NTKKD
1012,B08R43B9H2
1013,B08W23KDFR
1014,B07THV412S
1015,B0BM567CT3
1016,B07ZFY4N4Q
1017,B07HQ7T8VL
1018,B08YRRD3YC
1019,B09ZTTSL5P
1020,B08N6X9183
1021,B09K215D62
1022,B0992LL6TG
1023,B091FJFZ2W
1024,B09J8TV2QH
1025,B089NC5XM1
1026,B08614QFGX
1027,B088XFBJ1X
1028,B0BHXG2QZ1
1029,B0929DBCX1
1030,B088Y4V9FX
1031,B07X3TJGFJ
1032,B07Z3T8J18
1033,B07X9R1TZL
1034,B09S3X37DB
1035,B081FDWY79
1036,B08MTW1QSP
1037,B09FTPHQ67
1038,B083Y6PF6B
1039,B07ZFYFD37
1040,B09T3PPDBF
1041,B09VQ1X2MN
1042,B098BGZRRG
1043,B07M7D5X7T
1044,B07XTBN3PG
1045,B0B4WWQQ7F
1046,B081FDLZR4
1047,B08D9S351M
1048,B09BD1RK2R
1049,B0B94NNNLC
1050,B09S3X2G2M
1051,B083YRCNZT
1052,B07XT5P78N
1053,B08PP1RTTC
1054,B08VS4NYRQ
1055,B08MW8NF2J
1056,B07L9DQ6JN
1057,B09FSWWM1H
1058,B09J8WGT1B
1059,B07MJBNCBW
1060,B07X8MF5K6
1061,B0BXBSWDPN
1062,B08MTQ64T3
1063,B0B4WVTBBJ
1064,B0BJ7V15KF
1065,B08DDJQDSP
1066,B0BN92ZVMZ
1067,B08YRNQGBV
1068,B0BCMDX97S
1069,B083SS3HMK
1070,B09BZRBC47
1071,B098TR6QD4
1072,B08JCSJPC1
1073,B07XTGWXYQ
1074,B08R3ZC9JL
1075,B09YZ1LJKT
1076,B09KDWRZ43
1077,B09J8VFH8J
1078,B0BFJRT26G
1079,B08G57H9QW
1080,B0847VFTG8
1081,B0BRBQ87F1
1082,B083LG5YL6
1083,B0BHXN9ZH6
1084,B08GDWFT3R
1085,B08PG5NSD7
1086,B09DGP6GCR
1087,B08MV67LLC
1088,B081NTCP1J
1089,B09BJVX71K
1090,B092MW9N5R
1091,B0BGQLWJQB
1092,B08WR7BNBF
1093,B0BTK42SYY
1094,B0BHXCZHWN
1095,B08W5BRQ8L
1096,B07HWZG2QD
1097,B094VMGXM4
1098,B0BTJXFHMN
1099,B085ZVPKW1
1100,B0BWYY4RG6
1101,B08KQJTMYR
1102,B07QF96CKT
1103,B0BTK93R2V
1104,B09J8TDTQB
1105,B09F3GHHVY
1106,B0BSRG899Q
1107,B0BPZRPF91
1108,B0BPZYJNVV
1109,B0BSRFZRYS
1110,B09BDDZ29N
1111,B07FQVBVX2
1112,B09Z75N1D4
1113,B0BK9GWMMS
1114,B099NGY7YP
1115,B083JL3TMD
1116,B0854D8FKL
1117,B08VRSYJGQ
1118,B07QC7BQ12
1119,B08FTJ7W9Q
1120,B0BCM7L57L
1121,B09K76RBFH
1122,B0CBCVHKG7
1123,B08PVWK8FN
1124,B09SM3GLSN
1125,B09DP95H4C
1126,B0B4BL1R1F
1127,B09Z1BJJ5W
